{
  "framework_name": "IQKeyboardManagerSwift.framework",
  "static_framework": false,
  "resources": [
    "${PODS_ROOT}/IQKeyboardManagerSwift/IQKeyboardManagerSwift/Resources/IQKeyboardManager.bundle"
  ],
  "resource_bundles": [

  ],
  "build_settings": {
    "CLANG_ALLOW_NON_MODULAR_INCLUDES_IN_FRAMEWORK_MODULES": "YES",
    "CLANG_ENABLE_CODE_COVERAGE": "NO",
    "CODE_SIGN_IDENTITY[sdk=appletvos*]": "",
    "CODE_SIGN_IDENTITY[sdk=iphoneos*]": "",
    "CODE_SIGN_IDENTITY[sdk=watchos*]": "",
    "CURRENT_PROJECT_VERSION": "1",
    "DEFINES_MODULE": "YES",
    "DYLIB_COMPATIBILITY_VERSION": "1",
    "DYLIB_CURRENT_VERSION": "1",
    "DYLIB_INSTALL_NAME_BASE": "@rpath",
    "GCC_PREFIX_HEADER": "Target Support Files/IQKeyboardManagerSwift/IQKeyboardManagerSwift-prefix.pch",
    "INFOPLIST_FILE": "Target Support Files/IQKeyboardManagerSwift/IQKeyboardManagerSwift-Info.plist",
    "INSTALL_PATH": "$(LOCAL_LIBRARY_DIR)/Frameworks",
    "IPHONEOS_DEPLOYMENT_TARGET": "10.2",
    "LD_RUNPATH_SEARCH_PATHS": [
      "$(inherited)",
      "@executable_path/Frameworks",
      "@loader_path/Frameworks"
    ],
    "MODULEMAP_FILE": "Target Support Files/IQKeyboardManagerSwift/IQKeyboardManagerSwift.modulemap",
    "PRODUCT_MODULE_NAME": "IQKeyboardManagerSwift",
    "PRODUCT_NAME": "IQKeyboardManagerSwift",
    "SDKROOT": "iphoneos",
    "SKIP_INSTALL": "YES",
    "SWIFT_ACTIVE_COMPILATION_CONDITIONS": "$(inherited) ",
    "SWIFT_VERSION": "5.1",
    "TARGETED_DEVICE_FAMILY": "1,2",
    "VALIDATE_PRODUCT": "YES",
    "VERSIONING_SYSTEM": "apple-generic",
    "VERSION_INFO_PREFIX": ""
  },
  "source_hash": null,
  "project_root": "/Users/mobiledevmac14/#Work/iOS/Tunaiku"
}